Date,Portfolio_Value
2023-01-04,100129.0722731326
2023-01-05,98648.06140481644
2023-01-06,101044.78034167293
2023-01-09,101906.53716007147
2023-01-10,102808.45931769669
2023-01-11,104614.26875018002
2023-01-12,105383.853558772
2023-01-13,106705.63800847357
2023-01-17,106841.73526095168
2023-01-18,105524.33461361432
2023-01-19,104522.54868787054
2023-01-20,106701.46112114485
2023-01-23,108520.16213727764
2023-01-24,108765.09549968092
2023-01-25,108870.20081196113
2023-01-26,110273.28190149288
2023-01-27,111210.39393651817
2023-01-30,109257.50564455734
2023-01-31,110672.61282065511
2023-02-01,112491.05300382944
2023-02-02,115090.3268411064
2023-02-03,113505.07509479116
2023-02-06,112905.96072634611
2023-02-07,114939.1500844213
2023-02-08,114105.05630386756
2023-02-09,113096.95956946647
2023-02-10,112578.02428443941
2023-02-13,114277.84497481484
2023-02-14,114935.35517829479
2023-02-15,115090.42551189366
2023-02-16,113193.89719583273
2023-02-17,112442.1047906403
2023-02-21,110163.88226731631
2023-02-22,110142.73675350523
2023-02-23,112213.17561645465
2023-02-24,110921.75300909785
2023-02-27,111518.87055368861
2023-02-28,111464.46948453288
2023-03-01,110363.60731904751
2023-03-02,110979.28819911632
2023-03-03,113225.57714680381
2023-03-06,113177.69372361775
2023-03-07,111631.83030160701
2023-03-08,112128.29514874882
2023-03-09,110168.30638813922
2023-03-10,109842.43434946921
2023-03-13,110640.95571605848
2023-03-14,112712.47555439234
2023-03-15,112591.9494587556
2023-03-16,115245.24211196956
2023-03-17,114874.36799295702
2023-03-20,114933.72435657114
2023-03-21,116152.11954797407
2023-03-22,115351.53708892454
2023-03-23,116301.33070542931
2023-03-24,116126.22510044563
2023-03-27,115837.52016559395
2023-03-28,115636.79435966954
2023-03-29,117164.46494515632
2023-03-30,118109.54633523962
2023-03-31,119435.01633069446
2023-04-03,119670.03220342715
2023-04-04,119501.49908609864
2023-04-05,118547.66335632434
2023-04-06,119242.88743568388
2023-04-10,118982.49000644845
2023-04-11,118176.27141233915
2023-04-12,117595.61407505357
2023-04-13,119581.57036345167
2023-04-14,120506.34852392512
2023-04-17,120902.58201771569
2023-04-18,121538.17326145983
2023-04-19,121922.92861110665
2023-04-20,121197.7267933237
2023-04-21,121210.17567158905
2023-04-24,120999.27659293514
2023-04-25,119103.41106931114
2023-04-26,120502.0080580848
2023-04-27,122822.07666294884
2023-04-28,123243.96769762185
2023-05-01,123445.21312826821
2023-05-02,123066.3265447579
2023-05-03,122348.90961327603
2023-05-04,121852.084695808
2023-05-05,124172.50030027803
2023-05-08,124275.22816955092
2023-05-09,123738.23269266497
2023-05-10,124957.44563323459
2023-05-11,124780.43056284469
2023-05-12,123912.90001756068
2023-05-15,124477.51785797776
2023-05-16,124536.62779100932
2023-05-17,126158.44403161579
2023-05-18,127716.41203196732
2023-05-19,127364.86808052674
2023-05-22,127075.48152649861
2023-05-23,125845.36441560465
2023-05-24,125477.18356840925
2023-05-25,129238.21023885498
2023-05-26,131329.45928725277
2023-05-30,132253.13979919621
2023-05-31,130911.8393260216
2023-06-01,132980.6133817239
2023-06-02,133693.9145081052
2023-06-05,133481.19828389437
2023-06-06,133381.2488493108
2023-06-07,131525.51170429343
2023-06-08,133000.36012264565
2023-06-09,133151.66283612073
2023-06-12,134552.12237688075
2023-06-13,135302.9235185803
2023-06-14,136151.87227296413
2023-06-15,137661.82092951724
2023-06-16,136938.46889188458
2023-06-20,136747.1122787718
2023-06-21,135884.233462337
2023-06-22,136650.88110366068
2023-06-23,135802.58829223816
2023-06-26,134548.04993978926
2023-06-27,135961.13776636394
2023-06-28,135839.5625483433
2023-06-29,136285.1452804502
2023-06-30,138514.1987847017
2023-07-03,138385.5665074563
2023-07-05,137983.77036875224
2023-07-06,137447.1280501809
2023-07-07,137569.67420400656
2023-07-10,136857.2870793345
2023-07-11,137621.50934708148
2023-07-12,139366.168579073
2023-07-13,141183.20145051973
2023-07-14,141247.28448672435
2023-07-17,142444.6659934602
2023-07-18,143883.86970149764
2023-07-19,144086.3036006603
2023-07-20,142299.67257408213
2023-07-21,141405.3663495196
2023-07-24,141972.07737651098
2023-07-25,142768.83499921922
2023-07-26,142129.47095763474
2023-07-27,140974.28138873228
2023-07-28,142934.51743516297
2023-07-31,143248.17118169804
2023-08-01,142497.14281830285
2023-08-02,139889.01816908643
2023-08-03,139813.12559358912
2023-08-04,140113.44467252912
2023-08-07,140627.13313152047
2023-08-08,139772.8884998112
2023-08-09,137986.57749175237
2023-08-10,137908.15243318505
2023-08-11,137341.91546562305
2023-08-14,139015.71736879332
2023-08-15,137572.59578935904
2023-08-16,136660.96600657448
2023-08-17,135578.82919703334
2023-08-18,135606.83840201807
2023-08-21,137582.71671542182
2023-08-22,136914.9514572723
2023-08-23,138849.40155782792
2023-08-24,137148.71232421236
2023-08-25,137519.22835898647
2023-08-28,138246.44700048587
2023-08-29,140448.37885325105
2023-08-30,141062.57292679508
2023-08-31,141062.04584621143
2023-09-01,141118.22178961968
2023-09-05,140866.9711892564
2023-09-06,139185.11522489015
2023-09-07,138221.09690586332
2023-09-08,138461.26945406082
2023-09-11,139426.72363870562
2023-09-12,138506.19346508235
2023-09-13,139097.05805384312
2023-09-14,140029.2815121261
2023-09-15,138230.6014222635
2023-09-18,138639.28070491122
2023-09-19,138256.405410402
2023-09-20,136416.58396658074
2023-09-21,134477.81248400485
2023-09-22,134451.01679321475
2023-09-25,135071.20020958877
2023-09-26,132979.3694235591
2023-09-27,132933.0833190283
2023-09-28,133543.19763179118
2023-09-29,133446.49805442692
2023-10-02,134353.98745522404
2023-10-03,132233.2575197537
2023-10-04,133450.3459330846
2023-10-05,133768.366517718
2023-10-06,135658.36124954015
2023-10-09,136347.82759088228
2023-10-10,136672.5560964501
2023-10-11,137952.2301436678
2023-10-12,137736.74184044058
2023-10-13,137324.27828401214
2023-10-16,138159.30382676751
2023-10-17,137071.86897818447
2023-10-18,135546.09929563495
2023-10-19,135416.55841153167
2023-10-20,133772.4762268009
2023-10-23,134308.27258093318
2023-10-24,135080.5670867103
2023-10-25,133645.9890982861
2023-10-26,131658.01322765904
2023-10-27,132239.71150495298
2023-10-30,134047.9692048948
2023-10-31,134355.82457343803
2023-11-01,136397.25801124226
2023-11-02,138322.47896666673
2023-11-03,139564.69889771054
2023-11-06,140475.43944026454
2023-11-07,141439.79049906903
2023-11-08,141873.54701230282
2023-11-09,141359.39653548622
2023-11-10,143611.83863033578
2023-11-13,143200.0513939709
2023-11-14,145455.84386325025
2023-11-15,145165.17954652346
2023-11-16,146409.2986529406
2023-11-17,146470.18765877892
2023-11-20,147784.33770129256
2023-11-21,147157.9213744855
2023-11-22,147530.784327075
2023-11-24,147119.43408811738
2023-11-27,147509.0108457706
2023-11-28,147951.97464146302
2023-11-29,147831.72273366002
2023-11-30,147690.35115451738
2023-12-01,148291.4821549002
2023-12-04,146809.10251695855
2023-12-05,148055.14301554617
2023-12-06,146906.1119155024
2023-12-07,148106.76330925795
2023-12-08,148882.81339326283
2023-12-11,147995.50561042334
2023-12-12,149178.42324500217
2023-12-13,150734.74548779134
2023-12-14,150866.34577969622
2023-12-15,151503.95502648654
2023-12-18,152513.71629390237
2023-12-19,153079.71944173556
2023-12-20,151433.8423770668
2023-12-21,152493.17414083896
2023-12-22,152428.2855938665
2023-12-26,152869.85115041214
2023-12-27,153227.66949852568
2023-12-28,153394.1030189461
2023-12-29,153018.83650391336
2024-01-02,151299.26879679738
2024-01-03,150379.34192832018
2024-01-04,149696.01283543915
2024-01-05,150107.07881212328
2024-01-08,152677.61828670118
2024-01-09,152971.61379178573
2024-01-10,154230.71713284755
2024-01-11,154551.1987300785
2024-01-12,154765.41325401404
2024-01-16,154426.69264474066
2024-01-17,153564.09718164915
2024-01-18,155400.16868906023
2024-01-19,157620.75385700027
2024-01-22,157755.30417162814
2024-01-23,158177.55977789994
2024-01-24,158866.9635242659
2024-01-25,159726.65792677025
2024-01-26,159284.79919474266
2024-01-29,160557.66914875677
2024-01-30,160407.87401809517
2024-01-31,157994.50018961573
2024-02-01,159965.01737330732
2024-02-02,162427.16880508768
2024-02-05,162634.602133266
2024-02-06,162780.67310786757
2024-02-07,164104.76055102056
2024-02-08,163657.78779391915
2024-02-09,165264.2722284478
2024-02-12,164616.75570494757
2024-02-13,162500.75580117607
2024-02-14,163764.3637194499
2024-02-15,164022.6039794793
2024-02-16,163396.14617436522
2024-02-20,162353.16237870086
2024-02-21,162238.51898881985
2024-02-22,167131.71086630342
2024-02-23,167197.15721545808
2024-02-26,166627.56519803178
2024-02-27,166646.39601878132
2024-02-28,166400.10919900736
2024-02-29,167757.2928228627
2024-03-01,169048.52678247698
2024-03-04,169313.29813523396
2024-03-05,167849.29552598775
2024-03-06,168568.11091593106
2024-03-07,170222.5375520426
2024-03-08,169270.39287879792
2024-03-11,168809.79281919546
2024-03-12,171343.76219381916
2024-03-13,171204.23190188716
2024-03-14,171087.35597216777
2024-03-15,170142.36840715827
2024-03-18,170959.9055512625
2024-03-19,172199.42029760752
2024-03-20,174035.00161569746
2024-03-21,173872.91003819864
2024-03-22,174135.2440321568
2024-03-25,173484.4049844615
2024-03-26,172798.39301469165
2024-03-27,173955.98780177787
2024-03-28,174010.04308881026
2024-04-01,173922.73829698242
2024-04-02,173406.78531799815
2024-04-03,173660.4493735313
2024-04-04,171967.71304157795
2024-04-05,174175.9771798944
2024-04-08,174027.7211159882
2024-04-09,174024.56869051373
2024-04-10,173066.78031669377
2024-04-11,176003.2113531589
2024-04-12,172849.8162542577
2024-04-15,171012.79328850599
2024-04-16,170470.1007861555
2024-04-17,168947.31321785107
2024-04-18,168397.48157817387
2024-04-19,166138.98856491072
2024-04-22,167661.85700882875
2024-04-23,169718.72407520303
2024-04-24,169328.704092555
2024-04-25,169180.06653966213
2024-04-26,171528.6920138941
2024-04-29,172120.79552269794
2024-04-30,168963.80214582244
2024-05-01,169052.27036068757
2024-05-02,171127.99408254138
2024-05-03,174200.48795777195
2024-05-06,175969.51290506372
2024-05-07,175452.66535751062
2024-05-08,175925.26209616565
2024-05-09,176846.32133662052
2024-05-10,177154.8872466274
2024-05-13,177389.80813423652
2024-05-14,178668.60704956745
2024-05-15,180757.54740470936
2024-05-16,180251.68407995533
2024-05-17,180552.75759489505
2024-05-20,180254.37591844285
2024-05-21,181374.14751034425
2024-05-22,180578.72033739428
2024-05-23,180464.00702146813
2024-05-24,182284.6586617507
2024-05-28,183669.32451771415
2024-05-29,183152.378248356
2024-05-30,181508.5757090711
2024-05-31,181899.89210063184
2024-06-03,183310.0434337542
2024-06-04,183429.49469167684
2024-06-05,185646.5488682758
2024-06-06,185734.61733148634
2024-06-07,185533.20921275532
2024-06-10,185860.874655644
2024-06-11,187546.03595434915
2024-06-12,189483.64266726357
2024-06-13,190333.24733454126
2024-06-14,190790.38748598177
2024-06-17,191874.79484674166
2024-06-18,192486.34973315202
2024-06-20,191858.28806141613
2024-06-21,190836.91108117028
2024-06-24,189531.70250832432
2024-06-25,191136.31665739935
2024-06-26,192256.40637159804
2024-06-27,193022.01197519418
2024-06-28,191901.74751996485
2024-07-01,194341.65345218292
2024-07-02,195730.90114882315
2024-07-03,197100.0069827244
2024-07-05,198173.66502317955
2024-07-08,198430.6994748735
2024-07-09,199023.78214763338
2024-07-10,201009.92550238254
2024-07-11,198112.60484512532
2024-07-12,198521.70398586825
2024-07-15,199569.5440778468
2024-07-16,200199.04961635557
2024-07-17,197146.59435658142
2024-07-18,195064.98104256368
2024-07-19,193667.57137227673
2024-07-22,195236.5246940184
2024-07-23,195795.17232250085
2024-07-24,190945.80584550818
2024-07-25,189279.44564146275
2024-07-26,191296.05098957778
2024-07-29,191081.73786307432
2024-07-30,190057.15257685998
2024-07-31,193757.6492888185
2024-08-01,190523.09432529492
2024-08-02,186553.75040740703
2024-08-05,180676.4526147444
2024-08-06,182253.71329042493
2024-08-07,181444.32415861194
2024-08-08,185021.27834363238
2024-08-09,186190.26244136304
2024-08-12,187606.68279826117
2024-08-13,190943.5028486363
2024-08-14,191790.7078130272
2024-08-15,194793.66985211446
2024-08-16,195881.42625581453
2024-08-19,197531.84117497475
2024-08-20,197453.19073642994
2024-08-21,197851.38767332496
2024-08-22,195566.5510357623
2024-08-23,197798.5860417739
2024-08-26,197079.23465150737
2024-08-27,197464.5100259336
2024-08-28,196179.34566130236
2024-08-29,195885.3683855435
2024-08-30,197536.83176670692
2024-09-03,192849.12246527895
2024-09-04,191833.1455177005
2024-09-05,192594.90527888673
2024-09-06,189136.49270091535
2024-09-09,191547.25343216365
2024-09-10,191572.55037111108
2024-09-11,195097.94483567966
2024-09-12,196501.95820247458
2024-09-13,196719.68919376424
2024-09-16,196004.8306644944
2024-09-17,196413.93688262044
2024-09-18,195684.7965410846
2024-09-19,199669.71596276405
2024-09-20,199499.86579979898
2024-09-23,199583.97718603045
2024-09-24,200612.44266135248
2024-09-25,200608.75143280538
2024-09-26,200811.90322379232
2024-09-27,199814.56637081134
2024-09-30,200458.40006960268
2024-10-01,197503.97375389672
2024-10-02,197616.22334239888
2024-10-03,197345.38638691301
2024-10-04,199436.2277849016
2024-10-07,197691.60282053065
2024-10-08,199760.70119166007
2024-10-09,201115.93004299205
2024-10-10,201426.0998028454
2024-10-11,203242.0795219671
2024-10-14,204397.60491740087
2024-10-15,203803.89132435276
2024-10-16,204327.33945484855
2024-10-17,204805.2921953638
2024-10-18,206084.86901572975
2024-10-21,206667.3225853426
2024-10-22,207654.51098177722
2024-10-23,204955.4794493577
2024-10-24,205723.53181419612
2024-10-25,206033.38790151477
2024-10-28,206613.96722315808
2024-10-29,207349.06617642145
2024-10-30,207052.62732498965
2024-10-31,201672.32584114766
2024-11-01,203324.25770515043
2024-11-04,202548.2046295637
2024-11-05,204627.44460137407
2024-11-06,210306.58699524333
2024-11-07,211523.00700776835
2024-11-08,211019.23889404102
2024-11-11,209627.5597392443
2024-11-12,210282.66534875808
2024-11-13,210810.92471352025
2024-11-14,211013.63607642334
2024-11-15,208126.32971604096
2024-11-18,208749.03344053103
2024-11-19,210351.55452192607
2024-11-20,209745.44313650677
2024-11-21,210042.89726268372
2024-11-22,210599.81793703893
2024-11-25,210632.81014467194
2024-11-26,212561.63358218508
2024-11-27,211695.23635743337
2024-11-29,213180.2068159573
2024-12-02,213839.17747682775
2024-12-03,214615.85158449266
2024-12-04,216500.81531124786
2024-12-05,217184.49934308563
2024-12-06,217851.82647481695
2024-12-09,217426.9129817953
2024-12-10,216712.31230595818
2024-12-11,218642.72748181305
2024-12-12,217602.77001984802
2024-12-13,216254.83499892644
2024-12-16,217272.05628140038
2024-12-17,216984.25452078655
2024-12-18,211173.03903346194
2024-12-19,212242.2800005292
2024-12-20,214920.62147253548
2024-12-23,215856.7016623826
2024-12-24,217965.83597510718
2024-12-26,218019.96405345653
2024-12-27,215444.7649751675
2024-12-30,213826.52677878152
2024-12-31,212699.78342722385
2025-01-02,212616.96509197284
2025-01-03,214887.38330233513
2025-01-06,216493.9196981769
2025-01-07,213831.3772076446
2025-01-08,214239.09455204796
2025-01-10,211262.53532074744
2025-01-13,210730.21562172176
2025-01-14,210754.85210878972
2025-01-15,214968.65894966995
2025-01-16,213228.6902468585
2025-01-17,215805.03787847003
2025-01-21,216853.30212495168
2025-01-22,219961.47303713515
2025-01-23,220540.6991513339
2025-01-24,219417.230422636
2025-01-27,215636.63691645392
2025-01-28,220543.93757702407
2025-01-29,219017.38199408771
2025-01-30,217429.2190882395
2025-01-31,216425.56468356814
2025-02-03,214221.37673178822
2025-02-04,216386.19801911907
2025-02-05,217691.54085375555
2025-02-06,219726.43000180897
2025-02-07,217302.77283384991
2025-02-10,218573.4900425571
2025-02-11,219452.27008807956
2025-02-12,219085.8664847652
2025-02-13,221481.92158151118
2025-02-14,221925.6726633087
2025-02-18,222684.5392408963
2025-02-19,223166.66354242494
2025-02-20,221654.3803277697
2025-02-21,218648.3480893879
2025-02-24,217091.02349835963
2025-02-25,215190.25688432797
2025-02-26,215668.58022374648
2025-02-27,211442.14441767152
2025-02-28,214744.76794256753
2025-03-03,210223.89025442814
2025-03-04,208680.94371203746
2025-03-05,210824.01263126417
2025-03-06,207145.53948791634
2025-03-07,207231.98425929665
2025-03-10,200942.18779109156
2025-03-11,200140.0822923153
2025-03-12,201401.19592724505
2025-03-13,199152.3915140391
2025-03-14,203471.42911240907
2025-03-17,203539.3352248836
2025-03-18,202009.38552802498
2025-03-19,204370.78498240872
2025-03-20,204125.64627688946
2025-03-21,205225.58020556526
2025-03-24,208289.53758592287
2025-03-25,209588.98774215125
2025-03-26,206743.02433609837
2025-03-27,206543.302394851
2025-03-28,202563.0668157287
2025-03-31,203219.90648519938
2025-04-01,204359.40207269846
2025-04-02,205400.9399588319
2025-04-03,194693.50237492291
2025-04-04,184950.25366734958
2025-04-07,184771.34830604526
2025-04-08,182270.633063212
2025-04-09,200618.60235518045
2025-04-10,194497.8792976152
2025-04-11,199262.57203955296
2025-04-14,199638.9989867634
2025-04-15,199280.89333334638
2025-04-16,194657.3839530898
2025-04-17,194225.07562168414
2025-04-21,190929.78057011965
2025-04-22,194912.134307823
2025-04-23,198497.4611801749
2025-04-24,202937.2092607014
2025-04-25,204498.68774304533
2025-04-28,204322.81479418516
2025-04-29,204948.68749018095
2025-04-30,204732.9181701809
2025-05-01,208360.8011500897
2025-05-02,209543.53004109528
2025-05-05,208517.21447956754
2025-05-06,208010.09239868703
2025-05-07,208595.52329739972
2025-05-08,209776.48726770308
2025-05-09,210041.7871488723
2025-05-12,216870.32957523025
2025-05-13,219366.02544932833
2025-05-14,220182.58214871134
2025-05-15,220367.2671527886
2025-05-16,220525.8837051075
2025-05-19,220544.16677116367
2025-05-20,220132.13570180986
2025-05-21,217118.66998851087
2025-05-22,217383.95099838031
2025-05-23,215876.1949770912
2025-05-27,219661.73569787494
2025-05-28,218695.24594970295
2025-05-29,219975.42895493915
2025-05-30,219344.0114341974
2025-06-02,220941.24633476126
2025-06-03,221958.53306463675
2025-06-04,222239.46258170414
2025-06-05,221321.5000457077
2025-06-06,223337.73977787906
2025-06-09,223897.67578847118
2025-06-10,224719.37977040705
2025-06-11,223604.1729026935
2025-06-12,224967.8295095644
2025-06-13,223059.4526184027
2025-06-16,225177.98323531612
2025-06-17,224094.48805608557
2025-06-18,224822.532581666
2025-06-20,224884.91288701046
2025-06-23,226354.42234578752
2025-06-24,227944.13051707236
2025-06-25,229649.25198070906
2025-06-26,231456.0544275114
2025-06-27,231933.19303310965
2025-06-30,233248.4118948138
2025-07-01,232984.30743465107
2025-07-02,234689.42092570307
2025-07-03,236827.10533726262
2025-07-07,235182.92664429353
2025-07-08,233555.83821649462
2025-07-09,235443.99321607396
2025-07-10,236443.34632314945
2025-07-11,236618.15457393654
2025-07-14,236324.21449308793
2025-07-15,237043.77100316435
2025-07-16,237162.62758845175
2025-07-17,238546.0943632174
2025-07-18,239031.0256400568
2025-07-21,239912.0891084436
2025-07-22,239427.9038440245
2025-07-23,240668.90457853404
2025-07-24,241602.68546773537
2025-07-25,241950.42215766144
2025-07-28,242241.35607838814
2025-07-29,241365.06171944595
2025-07-30,241254.02793889298
2025-07-31,242267.21467084365
2025-08-01,237413.54656346436
2025-08-04,240180.67952276842
2025-08-05,239072.5611250359
2025-08-06,242022.20990531304
2025-08-07,242778.6958365123
2025-08-08,245073.19721662856
2025-08-11,244202.429300541
2025-08-12,246078.74740669434
2025-08-13,246198.03386475163
2025-08-14,247246.61623125948
2025-08-15,246116.48326042693
2025-08-18,246107.6721532149
2025-08-19,243902.14370740124
2025-08-20,242772.01880445823
2025-08-21,241900.7045224179
2025-08-22,245276.3639940355
2025-08-25,244697.511934368
2025-08-26,246050.790556059
2025-08-27,246852.22008028513
2025-08-28,248035.3200812561
2025-08-29,246680.19785117684
2025-09-02,245349.25987179205
2025-09-03,247264.09538893646
2025-09-04,249699.5249817473
2025-09-05,246878.5028200225
2025-09-08,247668.89421066307
2025-09-09,248355.50654864428
2025-09-10,248007.9577160205
2025-09-11,249471.92366332747
2025-09-12,250861.2995807213
2025-09-15,252790.24512205072
2025-09-16,252473.04463562058
2025-09-17,251782.538814939
2025-09-18,252518.9828260379
2025-09-19,255180.51426489672
2025-09-22,257441.0812458694
2025-09-23,255275.5763640401
2025-09-24,254437.61920833422
2025-09-25,254665.6290481948
2025-09-26,255735.56850515548
2025-09-29,257170.04230074308
2025-09-30,258142.2262300856
2025-10-01,258272.74615102675
2025-10-02,258256.02215404686
2025-10-03,258488.66458983207
2025-10-06,259655.5635510183
2025-10-07,259169.85076702738
2025-10-08,260642.69827640723
2025-10-09,260200.81091783987
2025-10-10,254144.90643473956
2025-10-13,258037.97573486617
2025-10-14,255886.38413707478
2025-10-15,257049.2371208864
2025-10-16,256305.23542059347
2025-10-17,256808.6961510542
2025-10-20,260893.22234269633
2025-10-21,259167.56117565086
2025-10-22,257553.2962304681
2025-10-23,258700.5304900329
2025-10-24,261401.82598479016
2025-10-27,264176.57592781715
2025-10-28,266660.29174801335
2025-10-29,267451.85066818824
2025-10-30,265688.53050244524
2025-10-31,267624.44963669963
2025-11-03,268883.91880365124
2025-11-04,266314.17904020596
2025-11-05,266084.6571251076
2025-11-06,263371.7648227285
2025-11-07,263602.8617784884
2025-11-10,268138.6542470848
2025-11-11,268614.8745945929
2025-11-12,269165.64110219444
2025-11-13,264430.89569472254
2025-11-14,263766.9490760143
2025-11-17,261060.68745094855
2025-11-18,257867.3912145846
2025-11-19,258936.48570540443
2025-11-20,255331.7672253665
2025-11-21,256106.68002567504
2025-11-24,259073.97265661633
2025-11-25,260252.20847849248
2025-11-26,262433.0485875529
2025-11-28,264330.583970754
2025-12-01,264337.4604530011
2025-12-02,265117.7294371895
2025-12-03,264035.77939858165
2025-12-04,264499.9989920649
2025-12-05,264191.7600708877
2025-12-08,264654.26348700206
2025-12-09,262903.59839910234
2025-12-10,264039.9411077025
2025-12-11,265064.43032154837
2025-12-12,263138.83435928996
2025-12-15,262189.86538607936
2025-12-16,262005.37408303286
2025-12-17,260149.780250921
2025-12-18,262034.34740940118
2025-12-19,264380.1668556218
2025-12-22,266012.5441365271
2025-12-23,268489.51902693877
2025-12-24,269239.64811728604
2025-12-26,269599.52857822255
2025-12-29,267432.4507765362
2025-12-30,267239.2687822958
2025-12-31,265707.51682307565
2026-01-02,265137.8695884129
2026-01-05,267304.02926260623
2026-01-06,268603.527990222
2026-01-07,267772.69080348674
2026-01-08,267517.2573304965
2026-01-09,268202.7897859908
2026-01-12,268041.62493440585
2026-01-13,265541.2282534459
2026-01-14,263127.7442628106
2026-01-15,263445.8022815098
2026-01-16,263508.60179227975
2026-01-20,258500.0232099425
2026-01-21,259365.98089918643
2026-01-22,261543.95115761124
2026-01-23,263359.584580756
2026-01-26,265708.9028710933
2026-01-27,268710.43174275337
2026-01-28,269845.81422888883
2026-01-29,266845.473330607
2026-01-30,263334.4937842871
2026-02-02,263350.01531541644
2026-02-03,263127.61804807326
2026-02-04,263005.1825115448
2026-02-05,257493.11923483634
2026-02-06,262192.0326762746
2026-02-09,264236.47361950827
2026-02-10,262879.54248108197
2026-02-11,261448.3481632998
2026-02-12,255814.75060793033
2026-02-13,254951.21178871766
2026-02-17,256183.71321895695
2026-02-18,258346.75492590832
2026-02-19,257658.27399582238
2026-02-20,260183.62417035957
2026-02-23,257516.23560848023
2026-02-24,259285.89143015782
2026-02-25,262408.4937586955
2026-02-26,260976.44571385114
2026-02-27,257479.17195855282
2026-03-02,258599.23935182305
2026-03-03,257507.22803889366
2026-03-04,259218.88126574224
2026-03-05,258364.46201301905
2026-03-06,255655.74352417944
2026-03-09,257200.01587577764
2026-03-10,257387.12718793267
2026-03-11,256863.64465245942
2026-03-12,253250.09602740605
2026-03-13,250698.59946897894
2026-03-16,253243.955824435
2026-03-17,253824.5226677247
2026-03-18,250289.1229448315
2026-03-19,248421.92236827168
2026-03-20,244698.69652406304
2026-03-23,246665.5156946004
2026-03-24,245429.48396226874
2026-03-25,247839.49971512187
2026-03-26,243637.39268394053
2026-03-27,239762.4111415238
2026-03-30,239639.2186410567
2026-03-31,247338.67518112352
2026-04-01,248868.44462075448
2026-04-02,248973.04943920556
2026-04-06,250074.29620506687
2026-04-07,249962.95275637138
2026-04-08,254892.92153355834
2026-04-09,257405.9683285272
2026-04-10,258191.49194660742
2026-04-13,260473.78160024318
2026-04-14,264091.3012785346
2026-04-15,266682.7857095082
2026-04-16,267727.5215588718
2026-04-17,270542.8388583667
2026-04-20,270861.9447456369
2026-04-21,268687.0042768482
2026-04-22,272313.1750930223
2026-04-23,269673.54729484906
2026-04-24,272350.3921251373
2026-04-27,272903.0374910164
2026-04-28,272485.4804016228
2026-04-29,271089.58096169843
2026-04-30,269997.808014925
2026-05-01,272166.5094177773
2026-05-04,270575.1918862058
2026-05-05,272149.0976782713
2026-05-06,276829.8669212496
2026-05-07,276316.5793842895
2026-05-08,277228.37312060717
2026-05-11,276894.5355055191
2026-05-12,276966.0741251648
2026-05-13,277818.8402941741
2026-05-14,279142.54467241385
2026-05-15,277542.59936589183
2026-05-18,277512.8087034781
2026-05-19,274752.6655588703
2026-05-20,278364.372993536
2026-05-21,278733.7207571301
2026-05-22,278899.55566897645
2026-05-26,278829.8120841404
2026-05-27,277861.1849246544
2026-05-28,280184.48503208073
2026-05-29,282442.7884903394
2026-06-01,282738.4223865357
2026-06-02,282232.24649613147
2026-06-03,277845.2357368322
2026-06-04,280820.5513927175
2026-06-05,274534.48188398546
2026-06-08,273644.5162196957
2026-06-09,270846.5201005244
2026-06-10,266435.7205595664
2026-06-11,269499.4832832468
2026-06-12,269770.5836033036
2026-06-15,274506.985633683
2026-06-16,275018.42551718815
2026-06-17,270733.9591494942
2026-06-18,272043.2436439623
2026-06-22,269459.6030851097
2026-06-23,268115.36865165195
2026-06-24,266124.6488776561
2026-06-25,261575.44368926363
2026-06-26,264596.95632205205
2026-06-29,265377.53410015063
2026-06-30,267371.34434958635
2026-07-01,270213.250577211
2026-07-02,273125.41566194966
2026-07-06,274777.6958635993
2026-07-07,274681.1929834022
2026-07-08,273750.19162346475
2026-07-09,275706.4523520616
2026-07-10,276784.34486106434
2026-07-13,275543.4895042425
2026-07-14,277355.8463912769
2026-07-15,281824.6207754703
2026-07-16,280665.3401162286
2026-07-17,278658.3735917346
